{
  "backend": "baseline-flat",
  "profile": "balanced",
  "embedding_model": "auto",
  "timestamp": "2026-04-05T06:51:55.140259Z",
  "suites": [
    "m",
    "n",
    "o"
  ],
  "mean_score": 0.9259259259259259,
  "std": 0.0,
  "ci_95": [
    0.9259259259259259,
    0.9259259259259259
  ],
  "per_category_mean": {
    "format_sensitivity": 0.9,
    "timestamp_integrity": 1.0,
    "retrieval_ablation": 0.8888888888888888
  },
  "per_category_std": {
    "format_sensitivity": 0.0,
    "timestamp_integrity": 0.0,
    "retrieval_ablation": 0.0
  },
  "num_runs": 1,
  "retrieval_metrics": {
    "recall_at_1": 0.6768518518518518,
    "recall_at_3": 0.6768518518518518,
    "recall_at_5": 0.6768518518518518,
    "recall_at_10": 0.6768518518518518,
    "mrr": 0.6768518518518518,
    "ndcg_at_5": 0.6768518518518518,
    "ndcg_at_10": 0.6768518518518518,
    "average_precision": 0.6768518518518518,
    "exact_match": 0.0,
    "token_f1": 0.2948274808786791,
    "token_precision": 0.1945227339835183,
    "token_recall": 0.762037037037037
  },
  "cost_metrics": {
    "tokens_per_query": 34.370370370370374,
    "tokens_per_correct": 37.12,
    "cost_efficiency": 0.1799847273247475,
    "score": 0.9259259259259259,
    "total_tokens": 928.0,
    "total_queries": 27.0,
    "correct": 25.0,
    "total": 27.0
  },
  "runs": [
    {
      "seed": 42,
      "overall_score": 0.9259259259259259,
      "wall_time_seconds": 0.005877256393432617,
      "token_usage": {
        "recall_tokens": 928,
        "recall_chars": 3773,
        "recall_queries": 27,
        "avg_recall_tokens_per_query": 34
      },
      "retrieval_metrics": {
        "recall_at_1": 0.6768518518518518,
        "recall_at_3": 0.6768518518518518,
        "recall_at_5": 0.6768518518518518,
        "recall_at_10": 0.6768518518518518,
        "mrr": 0.6768518518518518,
        "ndcg_at_5": 0.6768518518518518,
        "ndcg_at_10": 0.6768518518518518,
        "average_precision": 0.6768518518518518,
        "exact_match": 0.0,
        "token_f1": 0.2948274808786791,
        "token_precision": 0.1945227339835183,
        "token_recall": 0.762037037037037
      },
      "cost_metrics": {
        "tokens_per_query": 34.370370370370374,
        "tokens_per_correct": 37.12,
        "cost_efficiency": 0.1799847273247475,
        "score": 0.9259259259259259,
        "total_tokens": 928,
        "total_queries": 27,
        "correct": 25,
        "total": 27
      },
      "categories": {
        "format_sensitivity": {
          "score": 0.9,
          "correct": 9,
          "total": 10,
          "recall_tokens": 295,
          "recall_chars": 1196,
          "retrieval_metrics": {
            "recall_at_1": 0.6,
            "recall_at_3": 0.6,
            "recall_at_5": 0.6,
            "recall_at_10": 0.6,
            "mrr": 0.6,
            "ndcg_at_5": 0.6,
            "ndcg_at_10": 0.6,
            "average_precision": 0.6,
            "exact_match": 0.0,
            "token_f1": 0.14464646464646463,
            "token_precision": 0.08325702075702075,
            "token_recall": 0.6
          }
        },
        "retrieval_ablation": {
          "score": 0.8888888888888888,
          "correct": 8,
          "total": 9,
          "recall_tokens": 392,
          "recall_chars": 1596,
          "retrieval_metrics": {
            "recall_at_1": 0.5555555555555556,
            "recall_at_3": 0.5555555555555556,
            "recall_at_5": 0.5555555555555556,
            "recall_at_10": 0.5555555555555556,
            "mrr": 0.5555555555555556,
            "ndcg_at_5": 0.5555555555555556,
            "ndcg_at_10": 0.5555555555555556,
            "average_precision": 0.5555555555555556,
            "exact_match": 0.0,
            "token_f1": 0.40919235690477523,
            "token_precision": 0.2884424943248473,
            "token_recall": 0.8111111111111111
          }
        },
        "timestamp_integrity": {
          "score": 1.0,
          "correct": 8,
          "total": 8,
          "recall_tokens": 241,
          "recall_chars": 981,
          "retrieval_metrics": {
            "recall_at_1": 0.875,
            "recall_at_3": 0.875,
            "recall_at_5": 0.875,
            "recall_at_10": 0.875,
            "mrr": 0.875,
            "ndcg_at_5": 0.875,
            "ndcg_at_10": 0.875,
            "average_precision": 0.875,
            "exact_match": 0.0,
            "token_f1": 0.33064362108479756,
            "token_precision": 0.21186868686868685,
            "token_recall": 0.875
          }
        }
      }
    }
  ]
}