{
  "backend": "mnemoria",
  "profile": "balanced",
  "embedding_model": "auto",
  "timestamp": "2026-04-04T08:25:34.796698Z",
  "suites": [
    "c"
  ],
  "mean_score": 1.0,
  "std": 0.0,
  "ci_95": [
    1.0,
    1.0
  ],
  "per_category_mean": {
    "scopes": 1.0
  },
  "per_category_std": {
    "scopes": 0.0
  },
  "num_runs": 1,
  "retrieval_metrics": {
    "recall_at_1": 0.4,
    "recall_at_3": 0.85,
    "recall_at_5": 0.85,
    "recall_at_10": 0.85,
    "mrr": 0.6166666666666666,
    "ndcg_at_5": 0.6773719014285831,
    "ndcg_at_10": 0.6773719014285831,
    "average_precision": 0.6166666666666666,
    "exact_match": 0.0,
    "token_f1": 0.23820854584012477,
    "token_precision": 0.17702380952380953,
    "token_recall": 0.4478787878787879
  },
  "cost_metrics": {
    "tokens_per_query": 35.3,
    "tokens_per_correct": 35.3,
    "cost_efficiency": 0.19297949687021312,
    "score": 1.0,
    "total_tokens": 706.0,
    "total_queries": 20.0,
    "correct": 20.0,
    "total": 20.0
  },
  "runs": [
    {
      "seed": 42,
      "overall_score": 1.0,
      "wall_time_seconds": 0.01703667640686035,
      "token_usage": {
        "recall_tokens": 706,
        "recall_chars": 2914,
        "recall_queries": 20,
        "avg_recall_tokens_per_query": 35
      },
      "retrieval_metrics": {
        "recall_at_1": 0.4,
        "recall_at_3": 0.85,
        "recall_at_5": 0.85,
        "recall_at_10": 0.85,
        "mrr": 0.6166666666666666,
        "ndcg_at_5": 0.6773719014285831,
        "ndcg_at_10": 0.6773719014285831,
        "average_precision": 0.6166666666666666,
        "exact_match": 0.0,
        "token_f1": 0.23820854584012477,
        "token_precision": 0.17702380952380953,
        "token_recall": 0.4478787878787879
      },
      "cost_metrics": {
        "tokens_per_query": 35.3,
        "tokens_per_correct": 35.3,
        "cost_efficiency": 0.19297949687021312,
        "score": 1.0,
        "total_tokens": 706,
        "total_queries": 20,
        "correct": 20,
        "total": 20
      },
      "categories": {
        "scopes": {
          "score": 1.0,
          "correct": 20,
          "total": 20,
          "recall_tokens": 706,
          "recall_chars": 2914,
          "retrieval_metrics": {
            "recall_at_1": 0.4,
            "recall_at_3": 0.85,
            "recall_at_5": 0.85,
            "recall_at_10": 0.85,
            "mrr": 0.6166666666666666,
            "ndcg_at_5": 0.6773719014285831,
            "ndcg_at_10": 0.6773719014285831,
            "average_precision": 0.6166666666666666,
            "exact_match": 0.0,
            "token_f1": 0.23820854584012477,
            "token_precision": 0.17702380952380953,
            "token_recall": 0.4478787878787879
          }
        }
      }
    }
  ]
}