{
  "backend": "baseline-flat",
  "profile": "balanced",
  "embedding_model": "auto",
  "timestamp": "2026-04-05T16:35:22.814886Z",
  "suites": [
    "a",
    "b",
    "c",
    "d",
    "e",
    "f",
    "g",
    "h",
    "i",
    "j",
    "k",
    "l",
    "m",
    "n",
    "o"
  ],
  "mean_score": 0.8422712933753943,
  "std": 0.0,
  "ci_95": [
    0.8422712933753943,
    0.8422712933753943
  ],
  "per_category_mean": {
    "cross_reference": 0.5333333333333333,
    "temporal_decay": 0.8888888888888888,
    "semantic_recall": 1.0,
    "contradictions": 0.65,
    "importance_filtering": 0.95,
    "format_sensitivity": 0.9,
    "timestamp_integrity": 1.0,
    "retrieval_ablation": 0.8888888888888888,
    "scale": 1.0,
    "adversarial": 0.8666666666666667,
    "scopes": 0.65,
    "deduplication": 1.0,
    "compression_survival": 1.0,
    "topic_shift_recall": 1.0,
    "delegation_memory": 0.75,
    "conversation_memory": 0.8,
    "capacity_stress": 1.0
  },
  "per_category_std": {
    "cross_reference": 0.0,
    "temporal_decay": 0.0,
    "semantic_recall": 0.0,
    "contradictions": 0.0,
    "importance_filtering": 0.0,
    "format_sensitivity": 0.0,
    "timestamp_integrity": 0.0,
    "retrieval_ablation": 0.0,
    "scale": 0.0,
    "adversarial": 0.0,
    "scopes": 0.0,
    "deduplication": 0.0,
    "compression_survival": 0.0,
    "topic_shift_recall": 0.0,
    "delegation_memory": 0.0,
    "conversation_memory": 0.0,
    "capacity_stress": 0.0
  },
  "num_runs": 1,
  "retrieval_metrics": {
    "recall_at_1": 0.6377124183006536,
    "recall_at_3": 0.7025816993464052,
    "recall_at_5": 0.7025816993464052,
    "recall_at_10": 0.7025816993464052,
    "mrr": 0.6685130718954249,
    "ndcg_at_5": 0.6754600943099079,
    "ndcg_at_10": 0.6754600943099079,
    "average_precision": 0.7405718954248366,
    "exact_match": 0.0,
    "token_f1": 0.3354870797342503,
    "token_precision": 0.23946443669360717,
    "token_recall": 0.749092354505929
  },
  "cost_metrics": {
    "tokens_per_query": 24.829652996845425,
    "tokens_per_correct": 29.47940074906367,
    "cost_efficiency": 0.1795521487083027,
    "score": 0.8422712933753943,
    "total_tokens": 7871.0,
    "total_queries": 317.0,
    "correct": 267.0,
    "total": 317.0
  },
  "runs": [
    {
      "seed": 42,
      "overall_score": 0.8422712933753943,
      "wall_time_seconds": 0.18454790115356445,
      "token_usage": {
        "recall_tokens": 7871,
        "recall_chars": 32427,
        "recall_queries": 317,
        "avg_recall_tokens_per_query": 24
      },
      "retrieval_metrics": {
        "recall_at_1": 0.6377124183006536,
        "recall_at_3": 0.7025816993464052,
        "recall_at_5": 0.7025816993464052,
        "recall_at_10": 0.7025816993464052,
        "mrr": 0.6685130718954249,
        "ndcg_at_5": 0.6754600943099079,
        "ndcg_at_10": 0.6754600943099079,
        "average_precision": 0.7405718954248366,
        "exact_match": 0.0,
        "token_f1": 0.3354870797342503,
        "token_precision": 0.23946443669360717,
        "token_recall": 0.749092354505929
      },
      "cost_metrics": {
        "tokens_per_query": 24.829652996845425,
        "tokens_per_correct": 29.47940074906367,
        "cost_efficiency": 0.1795521487083027,
        "score": 0.8422712933753943,
        "total_tokens": 7871,
        "total_queries": 317,
        "correct": 267,
        "total": 317
      },
      "categories": {
        "contradictions": {
          "score": 0.65,
          "correct": 13,
          "total": 20,
          "recall_tokens": 539,
          "recall_chars": 2237,
          "retrieval_metrics": {
            "recall_at_1": 0.4,
            "recall_at_3": 0.65,
            "recall_at_5": 0.65,
            "recall_at_10": 0.65,
            "mrr": 0.5083333333333333,
            "ndcg_at_5": 0.5446394630357186,
            "ndcg_at_10": 0.5446394630357186,
            "average_precision": 0.5083333333333333,
            "exact_match": 0.0,
            "token_f1": 0.29325813075813073,
            "token_precision": 0.21123473748473748,
            "token_recall": 0.5860119047619048
          }
        },
        "cross_reference": {
          "score": 0.5333333333333333,
          "correct": 24,
          "total": 45,
          "recall_tokens": 834,
          "recall_chars": 3478,
          "retrieval_metrics": {
            "recall_at_1": 0.044444444444444446,
            "recall_at_3": 0.2,
            "recall_at_5": 0.2,
            "recall_at_10": 0.2,
            "mrr": 0.12222222222222222,
            "ndcg_at_5": 0.14258907277778227,
            "ndcg_at_10": 0.14258907277778227,
            "average_precision": 0.12222222222222222,
            "exact_match": 0.0,
            "token_f1": 0.15938149925003248,
            "token_precision": 0.16724867724867726,
            "token_recall": 0.18873015873015872
          }
        },
        "importance_filtering": {
          "score": 0.95,
          "correct": 38,
          "total": 40,
          "recall_tokens": 1474,
          "recall_chars": 6067,
          "retrieval_metrics": {
            "recall_at_1": 0.275,
            "recall_at_3": 0.3,
            "recall_at_5": 0.3,
            "recall_at_10": 0.3,
            "mrr": 0.2875,
            "ndcg_at_5": 0.29077324383928643,
            "ndcg_at_10": 0.29077324383928643,
            "average_precision": 0.2875,
            "exact_match": 0.0,
            "token_f1": 0.41302070893383486,
            "token_precision": 0.33862325174825175,
            "token_recall": 0.6738803921611585
          }
        },
        "semantic_recall": {
          "score": 1.0,
          "correct": 50,
          "total": 50,
          "recall_tokens": 866,
          "recall_chars": 3543,
          "retrieval_metrics": {
            "recall_at_1": 0.28,
            "recall_at_3": 0.28,
            "recall_at_5": 0.28,
            "recall_at_10": 0.28,
            "mrr": 0.28,
            "ndcg_at_5": 0.28,
            "ndcg_at_10": 0.28,
            "average_precision": 0.28,
            "exact_match": 0.0,
            "token_f1": 0.5842327297745254,
            "token_precision": 0.4427147297147297,
            "token_recall": 0.9235714285714286
          }
        },
        "temporal_decay": {
          "score": 0.8888888888888888,
          "correct": 40,
          "total": 45,
          "recall_tokens": 811,
          "recall_chars": 3362,
          "retrieval_metrics": {
            "recall_at_1": 0.5111111111111111,
            "recall_at_3": 0.6,
            "recall_at_5": 0.6,
            "recall_at_10": 0.6,
            "mrr": 0.5555555555555556,
            "ndcg_at_5": 0.5671937558730185,
            "ndcg_at_10": 0.5671937558730185,
            "average_precision": 0.5555555555555556,
            "exact_match": 0.0,
            "token_f1": 0.39009879506267536,
            "token_precision": 0.2922188922188922,
            "token_recall": 0.7106084656084656
          }
        },
        "scopes": {
          "score": 0.65,
          "correct": 13,
          "total": 20,
          "recall_tokens": 508,
          "recall_chars": 2106,
          "retrieval_metrics": {
            "recall_at_1": 0.8,
            "recall_at_3": 0.8,
            "recall_at_5": 0.8,
            "recall_at_10": 0.8,
            "mrr": 0.8,
            "ndcg_at_5": 0.8,
            "ndcg_at_10": 0.8,
            "average_precision": 0.8,
            "exact_match": 0.0,
            "token_f1": 0.4187396813712603,
            "token_precision": 0.2963690476190476,
            "token_recall": 0.8562121212121212
          }
        },
        "adversarial": {
          "score": 0.8666666666666667,
          "correct": 13,
          "total": 15,
          "recall_tokens": 548,
          "recall_chars": 2246,
          "retrieval_metrics": {
            "recall_at_1": 0.4,
            "recall_at_3": 0.5333333333333333,
            "recall_at_5": 0.5333333333333333,
            "recall_at_10": 0.5333333333333333,