{
  "backend": "mem0",
  "profile": "balanced",
  "embedding_model": "auto",
  "timestamp": "2026-04-05T16:13:25.902329Z",
  "suites": [
    "j",
    "k",
    "l"
  ],
  "mean_score": 0.75,
  "std": 0.0,
  "ci_95": [
    0.75,
    0.75
  ],
  "per_category_mean": {
    "adversarial": 1.0,
    "cross_reference": 0.8666666666666667,
    "contradictions": 0.6,
    "semantic_recall": 0.72,
    "importance_filtering": 0.75,
    "scale": 1.0,
    "format_sensitivity": 0.9,
    "retrieval_ablation": 0.6666666666666666,
    "compression_survival": 0.75,
    "topic_shift_recall": 1.0,
    "delegation_memory": 0.5
  },
  "per_category_std": {
    "adversarial": 0.0,
    "cross_reference": 0.0,
    "contradictions": 0.0,
    "semantic_recall": 0.0,
    "importance_filtering": 0.0,
    "scale": 0.0,
    "format_sensitivity": 0.0,
    "retrieval_ablation": 0.0,
    "compression_survival": 0.0,
    "topic_shift_recall": 0.0,
    "delegation_memory": 0.0
  },
  "num_runs": 1,
  "retrieval_metrics": {
    "recall_at_1": 0.75,
    "recall_at_3": 0.9166666666666666,
    "recall_at_5": 0.9166666666666666,
    "recall_at_10": 0.9166666666666666,
    "mrr": 0.8333333333333334,
    "ndcg_at_5": 0.8551549589285763,
    "ndcg_at_10": 0.8551549589285763,
    "average_precision": 0.8333333333333334,
    "exact_match": 0.0,
    "token_f1": 0.21516239570991222,
    "token_precision": 0.13666181384834636,
    "token_recall": 0.6666666666666666
  },
  "cost_metrics": {
    "tokens_per_query": 48.625,
    "tokens_per_correct": 64.83333333333333,
    "cost_efficiency": 0.13314408653861418,
    "score": 0.75,
    "total_tokens": 1167.0,
    "total_queries": 24.0,
    "correct": 18.0,
    "total": 24.0
  },
  "runs": [
    {
      "seed": 42,
      "overall_score": 0.75,
      "wall_time_seconds": 205.79686188697815,
      "token_usage": {
        "recall_tokens": 1167,
        "recall_chars": 4803,
        "recall_queries": 24,
        "avg_recall_tokens_per_query": 48
      },
      "retrieval_metrics": {
        "recall_at_1": 0.75,
        "recall_at_3": 0.9166666666666666,
        "recall_at_5": 0.9166666666666666,
        "recall_at_10": 0.9166666666666666,
        "mrr": 0.8333333333333334,
        "ndcg_at_5": 0.8551549589285763,
        "ndcg_at_10": 0.8551549589285763,
        "average_precision": 0.8333333333333334,
        "exact_match": 0.0,
        "token_f1": 0.21516239570991222,
        "token_precision": 0.13666181384834636,
        "token_recall": 0.6666666666666666
      },
      "cost_metrics": {
        "tokens_per_query": 48.625,
        "tokens_per_correct": 64.83333333333333,
        "cost_efficiency": 0.13314408653861418,
        "score": 0.75,
        "total_tokens": 1167,
        "total_queries": 24,
        "correct": 18,
        "total": 24
      },
      "categories": {
        "topic_shift_recall": {
          "score": 1.0,
          "correct": 8,
          "total": 8,
          "recall_tokens": 253,
          "recall_chars": 1061,
          "retrieval_metrics": {
            "recall_at_1": 1.0,
            "recall_at_3": 1.0,
            "recall_at_5": 1.0,
            "recall_at_10": 1.0,
            "mrr": 1.0,
            "ndcg_at_5": 1.0,
            "ndcg_at_10": 1.0,
            "average_precision": 1.0,
            "exact_match": 0.0,
            "token_f1": 0.4236111111111111,
            "token_precision": 0.2839285714285714,
            "token_recall": 0.875
          }
        },
        "compression_survival": {
          "score": 0.75,
          "correct": 6,
          "total": 8,
          "recall_tokens": 387,
          "recall_chars": 1572,
          "retrieval_metrics": {
            "recall_at_1": 0.75,
            "recall_at_3": 0.75,
            "recall_at_5": 0.75,
            "recall_at_10": 0.75,
            "mrr": 0.75,
            "ndcg_at_5": 0.75,
            "ndcg_at_10": 0.75,
            "average_precision": 0.75,
            "exact_match": 0.0,
            "token_f1": 0.11971187025534852,
            "token_precision": 0.06756965944272446,
            "token_recall": 0.625
          }
        },
        "delegation_memory": {
          "score": 0.5,
          "correct": 4,
          "total": 8,
          "recall_tokens": 527,
          "recall_chars": 2170,
          "retrieval_metrics": {
            "recall_at_1": 0.5,
            "recall_at_3": 1.0,
            "recall_at_5": 1.0,
            "recall_at_10": 1.0,
            "mrr": 0.75,
            "ndcg_at_5": 0.8154648767857288,
            "ndcg_at_10": 0.8154648767857288,
            "average_precision": 0.75,
            "exact_match": 0.0,
            "token_f1": 0.10216420576327698,
            "token_precision": 0.05848721067374318,
            "token_recall": 0.5
          }
        }
      }
    }
  ]
}