{
  "backend": "unified",
  "profile": "balanced",
  "embedding_model": "auto",
  "timestamp": "2026-04-02T10:50:57.651699Z",
  "suites": [
    "a",
    "b",
    "c",
    "d",
    "e",
    "f"
  ],
  "mean_score": 0.971830985915493,
  "std": 0.0,
  "ci_95": [
    0.971830985915493,
    0.971830985915493
  ],
  "per_category_mean": {
    "scale": 1.0,
    "integration": 1.0,
    "temporal_decay": 0.9777777777777777,
    "importance_filtering": 0.95,
    "contradictions": 0.95,
    "adversarial": 1.0,
    "compression": 0.9,
    "semantic_recall": 1.0,
    "scopes": 1.0,
    "cross_reference": 0.9333333333333333,
    "consolidation": 1.0
  },
  "per_category_std": {
    "scale": 0.0,
    "integration": 0.0,
    "temporal_decay": 0.0,
    "importance_filtering": 0.0,
    "contradictions": 0.0,
    "adversarial": 0.0,
    "compression": 0.0,
    "semantic_recall": 0.0,
    "scopes": 0.0,
    "cross_reference": 0.0,
    "consolidation": 0.0
  },
  "num_runs": 1,
  "retrieval_metrics": {
    "recall_at_1": 0.5518089990817263,
    "recall_at_3": 0.6230211202938475,
    "recall_at_5": 0.6290817263544536,
    "recall_at_10": 0.6290817263544536,
    "mrr": 0.5871625344352617,
    "ndcg_at_5": 0.5928666891034747,
    "ndcg_at_10": 0.5928666891034747,
    "average_precision": 0.6798224670951943,
    "exact_match": 0.0,
    "token_f1": 0.42159112235788504,
    "token_precision": 0.32113749859720936,
    "token_recall": 0.7560055234628659
  },
  "cost_metrics": {
    "tokens_per_query": 36.63732394366197,
    "tokens_per_correct": 37.69927536231884,
    "cost_efficiency": 0.18567326638225556,
    "score": 0.971830985915493,
    "total_tokens": 10405.0,
    "total_queries": 284.0,
    "correct": 276.0,
    "total": 284.0
  },
  "runs": [
    {
      "seed": 42,
      "overall_score": 0.971830985915493,
      "wall_time_seconds": 3.4151787757873535,
      "token_usage": {
        "recall_tokens": 10405,
        "recall_chars": 43018,
        "recall_queries": 284,
        "avg_recall_tokens_per_query": 36
      },
      "retrieval_metrics": {
        "recall_at_1": 0.5518089990817263,
        "recall_at_3": 0.6230211202938475,
        "recall_at_5": 0.6290817263544536,
        "recall_at_10": 0.6290817263544536,
        "mrr": 0.5871625344352617,
        "ndcg_at_5": 0.5928666891034747,
        "ndcg_at_10": 0.5928666891034747,
        "average_precision": 0.6798224670951943,
        "exact_match": 0.0,
        "token_f1": 0.42159112235788504,
        "token_precision": 0.32113749859720936,
        "token_recall": 0.7560055234628659
      },
      "cost_metrics": {
        "tokens_per_query": 36.63732394366197,
        "tokens_per_correct": 37.69927536231884,
        "cost_efficiency": 0.18567326638225556,
        "score": 0.971830985915493,
        "total_tokens": 10405,
        "total_queries": 284,
        "correct": 276,
        "total": 284
      },
      "categories": {
        "contradictions": {
          "score": 0.95,
          "correct": 19,
          "total": 20,
          "recall_tokens": 972,
          "recall_chars": 4093,
          "retrieval_metrics": {
            "recall_at_1": 0.6,
            "recall_at_3": 0.65,
            "recall_at_5": 0.65,
            "recall_at_10": 0.65,
            "mrr": 0.625,
            "ndcg_at_5": 0.6315464876785729,
            "ndcg_at_10": 0.6315464876785729,
            "average_precision": 0.625,
            "exact_match": 0.0,
            "token_f1": 0.42679188458600226,
            "token_precision": 0.3001301476301476,
            "token_recall": 0.8645833333333333
          }
        },
        "cross_reference": {
          "score": 0.9333333333333333,
          "correct": 42,
          "total": 45,
          "recall_tokens": 1252,
          "recall_chars": 5207,
          "retrieval_metrics": {
            "recall_at_1": 0.2,
            "recall_at_3": 0.37777777777777777,
            "recall_at_5": 0.37777777777777777,
            "recall_at_10": 0.37777777777777777,
            "mrr": 0.28888888888888886,
            "ndcg_at_5": 0.3121652895238147,
            "ndcg_at_10": 0.3121652895238147,
            "average_precision": 0.28888888888888886,
            "exact_match": 0.0,
            "token_f1": 0.276840354539013,
            "token_precision": 0.25511704345037683,
            "token_recall": 0.4064718614718614
          }
        },
        "importance_filtering": {
          "score": 0.95,
          "correct": 38,
          "total": 40,
          "recall_tokens": 2103,
          "recall_chars": 8675,
          "retrieval_metrics": {
            "recall_at_1": 0.3,
            "recall_at_3": 0.3,
            "recall_at_5": 0.3,
            "recall_at_10": 0.3,
            "mrr": 0.3,
            "ndcg_at_5": 0.3,
            "ndcg_at_10": 0.3,
            "average_precision": 0.3,
            "exact_match": 0.0,
            "token_f1": 0.44187270520518596,
            "token_precision": 0.36405740093240085,
            "token_recall": 0.7058004165811828
          }
        },
        "semantic_recall": {
          "score": 1.0,
          "correct": 50,
          "total": 50,
          "recall_tokens": 866,
          "recall_chars": 3543,
          "retrieval_metrics": {
            "recall_at_1": 0.28,
            "recall_at_3": 0.28,
            "recall_at_5": 0.28,
            "recall_at_10": 0.28,
            "mrr": 0.28,
            "ndcg_at_5": 0.28,
            "ndcg_at_10": 0.28,
            "average_precision": 0.28,
            "exact_match": 0.0,
            "token_f1": 0.5842327297745254,
            "token_precision": 0.4427147297147296,
            "token_recall": 0.9235714285714286
          }
        },
        "temporal_decay": {
          "score": 0.9777777777777777,
          "correct": 44,
          "total": 45,
          "recall_tokens": 1106,
          "recall_chars": 4587,
          "retrieval_metrics": {
            "recall_at_1": 0.6444444444444445,
            "recall_at_3": 0.6666666666666666,
            "recall_at_5": 0.6666666666666666,
            "recall_at_10": 0.6666666666666666,
            "mrr": 0.6555555555555556,
            "ndcg_at_5": 0.6598539200803838,
            "ndcg_at_10": 0.6598539200803838,
            "average_precision": 0.7148148148148148,
            "exact_match": 0.0,
            "token_f1": 0.4419971474460639,
            "token_precision": 0.32791714458381116,
            "token_recall": 0.8283862433862433
          }
        },
        "compression": {
          "score": 0.9,
          "correct": 9,
          "total": 10,
          "recall_tokens": 563,
          "recall_chars": 2323,
          "retrieval_metrics": {
            "recall_at_1": 0.9,
            "recall_at_3": 0.9,
            "recall_at_5": 0.9,
            "recall_at_10": 0.9,
            "mrr": 0.9,
            "ndcg_at_5": 0.8588732652166898,
            "ndcg_at_10": 0.8588732652166898,
            "average_precision": 1.5766666666666667,
            "exact_match": 0.0,
            "token_f1": 0.39462148962148963,
            "token_precision": 0.2946645021645022,
            "token_recall": 0.8875
          }
        },
        "consolidation": {
          "score": 1.0,
          "correct": 20,
          "total": 20,
          "recall_tokens": 998,
          "recall_chars": 4120,
          "retrieval_metrics": {
            "recall_at_1": 0.85,
            "recall_at_3": 1.0,
            "recall_at_5": 1.0,
            "recall_at_10": 1.0,
            "mrr": 0.925,
            "ndcg_at_5": 0.9283470340269329,
            "ndcg_at_10": 0.9283470340269329,
            "average_precision": 1.2083333333333335,
            "exact_match": 0.0,
            "token_f1": 0.3709920634920635,
            "token_precision": 0.24980158730158736,
            "token_recall": 0.85
          }
        },
        "scopes": {
          "score": 1.0,
          "correct": 20,
          "total": 20,
          "recall_tokens": 706,
          "recall_chars": 2914,